MariaDB [test]> select * from ch;
+----+-------------+--------+
| id | 部门        | 编码   |
+----+-------------+--------+
|  1 | my text     |   1234 |
|  2 | second text |   5678 |
+----+-------------+--------+
2 rows in set (0.01 sec)

MariaDB [test]> SELECT 
    -> `部门`,
    -> `编码`
    ->  FROM ch;
+-------------+--------+
| 部门        | 编码   |
+-------------+--------+
| my text     |   1234 |
| second text |   5678 |
+-------------+--------+
2 rows in set (0.00 sec)

MariaDB [test]> 
