MariaDB [test]> select * from yourTable;
+----+-------------+-------------+---------------------+-------------+
| id | ministry_id | building_id | action_date         | action_type |
+----+-------------+-------------+---------------------+-------------+
|  1 |          14 |        1653 | 2011-12-23 11:22:33 |           1 |
|  2 |          14 |        1653 | 2012-02-29 11:51:12 |           2 |
|  3 |          14 |        1653 | 2013-06-25 11:29:22 |           1 |
|  4 |          14 |        1653 | 2017-05-15 17:01:37 |           2 |
+----+-------------+-------------+---------------------+-------------+
4 rows in set (0.00 sec)

MariaDB [test]> SELECT 
    -> t1.ministry_id,
    -> t1.building_id,
    -> t1.action_date as add_date,
    -> t2.action_date as end_date
    -> FROM yourTable t1
    -> LEFT JOIN yourTable t2
    -> ON t1.id+1 = t2.id
    -> WHERE t1.action_type = 1;
+-------------+-------------+---------------------+---------------------+
| ministry_id | building_id | add_date            | end_date            |
+-------------+-------------+---------------------+---------------------+
|          14 |        1653 | 2011-12-23 11:22:33 | 2012-02-29 11:51:12 |
|          14 |        1653 | 2013-06-25 11:29:22 | 2017-05-15 17:01:37 |
+-------------+-------------+---------------------+---------------------+
2 rows in set (0.00 sec)

MariaDB [test]> 
